,kcat,ec,SOURCE
SHCHD2,195.5,1.3.1.76,median
CPPPGO,16.0,1.3.3.3,BRENDA
GTHOr,999.0,1.8.1.7,BRENDA and SABIO-RK
PFK_3,999.0,2.7.1.11,BRENDA and SABIO-RK
TRPS2,999.0,4.2.1.20,BRENDA and SABIO-RK
LEUTAi,57500000.0,2.6.1.67,gene-GO
SHK3Dr,142000.0,1.1.1.282,BRENDA and SABIO-RK
G5SD,195.5,1.2.1.41,median
MAN6PI,106000.0,5.3.1.8,BRENDA and SABIO-RK
APRAUR,195.5,1.1.1.193,median
DB4PS,195.5,4.1.99.12,median
RBFK,6.8,2.7.1.26,BRENDA and SABIO-RK
ACP1_FMN,40850.0,3.1.3.2,BRENDA and SABIO-RK
RBFSb,2.0,2.5.1.9,BRENDA
DMATT,1.4,2.5.1.1,BRENDA
GRTT,43.5,2.5.1.10,BRENDA and SABIO-RK
UPP3S,890.0,4.2.1.75,BRENDA
UPPDC1,999.0,4.1.1.37,BRENDA
TMDPP,1770.0,2.4.2.4,BRENDA
HCO3E,33000000.0,4.2.1.1,BRENDA and SABIO-RK
IMPC,8.6,3.5.4.10,BRENDA and SABIO-RK
IMPD,999.0,1.1.1.205,BRENDA and SABIO-RK
ECOAH4,57500000.0,4.2.1.74,gene-GO
GLUTRS,0.1,6.1.1.24,BRENDA and SABIO-RK
TMPPP,999.0,2.5.1.3,BRENDA
URIK1,3.2,2.7.1.48,BRENDA
URIK2,3.2,2.7.1.48,BRENDA
CYTDK1,3.2,2.7.1.48,BRENDA
CYTDK2,3.2,2.7.1.48,BRENDA
XPPT,90.0,2.4.2.8,BRENDA and SABIO-RK
HXPRT,90.0,2.4.2.8,BRENDA and SABIO-RK
NDPK5,2085.0,2.7.4.6,BRENDA and SABIO-RK
DHORTS,195.0,3.5.2.3,BRENDA and SABIO-RK
OMPDC,999.0,4.1.1.23,BRENDA and SABIO-RK
CS,195.5,2.3.3.3,median
ICDHyr,440000.0,1.1.1.42,BRENDA and SABIO-RK
ACALD,17.2,1.2.1.10,BRENDA and SABIO-RK
ACS,9400.0,6.2.1.1,BRENDA and SABIO-RK
PPA,6290.0,3.6.1.1,BRENDA and SABIO-RK
PPCK,78.82,4.1.1.49,BRENDA and SABIO-RK
ME1,770.0,1.1.1.39,BRENDA and SABIO-RK
ALAR,7504.0,5.1.1.1,BRENDA and SABIO-RK
ALATA_L,500.0,2.6.1.2,BRENDA and SABIO-RK
XYLK,6600.0,2.7.1.17,BRENDA and SABIO-RK
RBK,47.81,2.7.1.15,BRENDA
GLYK,4900.0,2.7.1.30,BRENDA
PPM,185.0,5.4.2.7,BRENDA
ASPTA,670.0,2.6.1.1,BRENDA and SABIO-RK
FBP,999.0,3.1.3.11,BRENDA and SABIO-RK
GLGC,999.0,2.7.7.27,BRENDA and SABIO-RK
PYK,95000.0,2.7.1.40,BRENDA and SABIO-RK
A5PISO,255.0,5.3.1.13,BRENDA and SABIO-RK
IPPMIb,4.5,4.2.1.33,SABIO-RK
ACHBS,121.0,2.2.1.6,BRENDA and SABIO-RK
ACLS,121.0,2.2.1.6,BRENDA and SABIO-RK
PSCVT,100.0,2.5.1.19,BRENDA and SABIO-RK
ANS,383.0,4.1.3.27,BRENDA and SABIO-RK
ANPRT,4.4,2.4.2.18,BRENDA and SABIO-RK
CHORM,366000.0,5.4.99.5,BRENDA and SABIO-RK
CHORS,0.87,4.2.3.5,BRENDA
IGPS,15.4,4.1.1.48,BRENDA and SABIO-RK
ECOAH6,57500000.0,4.2.1.74,gene-GO
ENO,230.0,4.2.1.11,BRENDA and SABIO-RK
FBA,87.0,4.1.2.13,BRENDA and SABIO-RK
MGSA,600.0,4.2.3.3,BRENDA and SABIO-RK
PPS,1570.0,2.7.9.2,BRENDA
PGI,11420.0,5.3.1.9,BRENDA and SABIO-RK
PGK,2633.0,2.7.2.3,BRENDA and SABIO-RK
EDA,61.9,4.1.2.55,BRENDA and SABIO-RK
PGL,14.3,3.1.1.31,SABIO-RK
RPE,7100.0,5.1.3.1,BRENDA and SABIO-RK
TALA,999.0,2.2.1.2,BRENDA
TKT1,410000.0,2.2.1.1,BRENDA and SABIO-RK
G6PDA,1800.0,3.5.99.6,BRENDA and SABIO-RK
ALCD2x,280.0,1.1.1.71,BRENDA
ALDD2y,999.0,1.2.1.5,BRENDA and SABIO-RK
RMI,3150.0,5.3.1.14,BRENDA
FMNAT,0.33,2.7.7.2,BRENDA and SABIO-RK
NADDP,960000.0,3.6.1.9,BRENDA and SABIO-RK
NMNAT,53.9,2.7.7.18,BRENDA and SABIO-RK
HMPK1,0.43,2.7.1.49,BRENDA
NDPK6,2085.0,2.7.4.6,BRENDA and SABIO-RK
NDPK8,2085.0,2.7.4.6,BRENDA and SABIO-RK
PYNP2r,150.0,2.4.2.3,BRENDA
DURIPP,1770.0,2.4.2.4,BRENDA
PTRCTA,195.5,2.6.1.82,median
CYSDS,34.1,4.4.1.8,BRENDA
TRPAS2,44.0,4.1.99.1,BRENDA and SABIO-RK
NDP3,238.0,3.6.1.6,BRENDA
CDPPH,238.0,3.6.1.6,BRENDA
NDP7,238.0,3.6.1.6,BRENDA
PMDPHT,5.566666666666666,3.1.3.104,BRENDA and SABIO-RK
ILETA,1236.0,2.6.1.42,BRENDA and SABIO-RK
VALTA,195.5,2.6.1.6,median
ORPT,3534.0,2.4.2.10,BRENDA and SABIO-RK
RBFSa,2.0,2.5.1.9,BRENDA
DHAD2,75.8,4.2.1.9,BRENDA
G1PP,145.0,3.1.3.10,BRENDA
PFL,12.8,2.3.1.54,BRENDA
FRD3,57500000.0,1.3.99.1,gene-GO
PTAr,5252.0,2.3.1.8,BRENDA and SABIO-RK
ACKr,120.0,2.7.2.15,BRENDA
MOAT,195.5,2.4.99.12,median
UDCPDPS,195.5,2.5.1.M1,median
USHD,195.5,3.6.1.54,median
LPADSS,195.5,2.4.1.182,median
TDSK,2.4,2.7.1.130,BRENDA
NTPP1,960000.0,3.6.1.9,BRENDA and SABIO-RK
NTPP2,960000.0,3.6.1.9,BRENDA and SABIO-RK
NTPTP1,4000.0,3.1.5.1,BRENDA and SABIO-RK
IPMD,999.0,1.1.1.85,BRENDA
AIRC3,15.6,5.4.99.18,BRENDA
ADSL2r,999.0,4.3.2.2,BRENDA and SABIO-RK
PUNP5,57500000.0,2.4.2.15,gene-GO
PUNP6,1770.0,2.4.2.4,BRENDA
PUNP7,28000.0,2.4.2.1,BRENDA and SABIO-RK
RNDR1,12.9,1.17.4.1,BRENDA
RNDR3,12.9,1.17.4.1,BRENDA
RNDR4,12.9,1.17.4.1,BRENDA
TMDS,48.0,2.1.1.45,BRENDA and SABIO-RK
TMDK1,999.0,2.7.1.21,BRENDA and SABIO-RK
PPCDC,2.9,4.1.1.36,BRENDA and SABIO-RK
FTHFD,195.5,3.5.1.10,median
EDD,195.5,4.2.1.12,median
DHQTi,310.0,4.2.1.10,BRENDA and SABIO-RK
PUNP1,28000.0,2.4.2.1,BRENDA and SABIO-RK
PUNP2,28000.0,2.4.2.1,BRENDA and SABIO-RK
PUNP3,57500000.0,2.4.2.15,gene-GO
LYSAM,83.0,5.4.3.2,BRENDA
DHAD1,75.8,4.2.1.9,BRENDA
IPPMIa,4.5,4.2.1.33,SABIO-RK
G3PD7,33.3,1.1.99.5,BRENDA
MDH,121600.0,1.1.1.37,BRENDA and SABIO-RK
FUM,3100.0,4.2.1.2,BRENDA and SABIO-RK
PYDXNK,131.0,2.7.1.35,BRENDA
PYAM5PO,33.0,1.4.3.5,BRENDA
OHPBAT,2.49,2.6.1.52,BRENDA and SABIO-RK
GLUTRR,999.0,1.2.1.70,BRENDA and SABIO-RK
GLCS1,412.0,2.4.1.21,BRENDA
HEMEOS,195.5,2.5.1.-,median
ADMDC,999.0,4.1.1.50,BRENDA and SABIO-RK
AGMT,3.0,3.5.3.11,BRENDA
ARGDC,999.0,4.1.1.19,BRENDA and SABIO-RK
ARGSS,195.5,6.3.4.5,median
AGPR,195.5,1.2.1.38,median
SPMS,999.0,2.5.1.16,BRENDA and SABIO-RK
G1SAT,0.95,5.4.3.8,BRENDA
KDOCT2,21.9,2.7.7.38,BRENDA
OAADC,195.5,4.1.1.3,median
MNNH,5.88,4.2.1.8,BRENDA
ALTRH,195.5,4.2.1.7,median
GUI1,196.0,5.3.1.12,BRENDA
PGAMT,7.9,5.4.2.10,BRENDA and SABIO-RK
UAGDP,350.0,2.7.7.23,BRENDA and SABIO-RK
UAGCVT,8.9,2.5.1.7,BRENDA
GLUR,116600.0,5.1.1.3,BRENDA and SABIO-RK
UAG2E,52.0,5.1.3.14,BRENDA and SABIO-RK
MACPD,195.5,4.1.1.87,median
DMQMT,195.5,2.1.1.64,median
ICHORS_copy1,50.4,5.4.4.2,BRENDA and SABIO-RK
HACD5,45500.0,1.1.1.35,BRENDA and SABIO-RK
DNMPPA,195.5,3.6.1.-,median
HPPK2,999.0,2.7.6.3,BRENDA
PTPATi,26.5,2.7.7.3,BRENDA and SABIO-RK
HEX7,8897.0,2.7.1.4,BRENDA and SABIO-RK
DXPRIi,9833.333333333334,1.1.1.267,BRENDA and SABIO-RK
OPHBDC,195.5,4.1.1.98,median
OHPHM,195.5,2.1.1.222,median
GHMT2r,999.0,2.1.2.1,BRENDA and SABIO-RK
INSK,195.5,2.7.1.73,median
ABTA,47.4,2.6.1.19,BRENDA and SABIO-RK
SSALx,69.0,1.2.1.24,BRENDA
ASPT,999.0,4.3.1.1,BRENDA and SABIO-RK
SERD_L,1414.0,4.3.1.19,BRENDA and SABIO-RK
THRD,551.7,1.1.1.103,BRENDA and SABIO-RK
HEX4,195.5,2.7.1.7,median
KARA1,78.3,1.1.1.86,BRENDA and SABIO-RK
KARA2,78.3,1.1.1.86,BRENDA and SABIO-RK
ACCOAC,36.8,6.4.1.2,BRENDA and SABIO-RK
NADK,999.0,2.7.1.23,BRENDA and SABIO-RK
ICHORS_copy2,50.4,5.4.4.2,BRENDA and SABIO-RK
SUCBZS,150.0,4.2.1.113,BRENDA and SABIO-RK
DHBD,92.5,1.3.1.28,BRENDA
ICHORT,217.0,3.3.2.1,BRENDA and SABIO-RK
RBK_L1,109.0,2.7.1.16,BRENDA
RBP4E,36.5,5.1.3.4,BRENDA and SABIO-RK
NTD2,757.0,3.1.3.5,BRENDA and SABIO-RK
NTD4,12.0,3.1.3.91,BRENDA and SABIO-RK
NTD5,3.48,3.1.3.89,BRENDA
NTD6,3.48,3.1.3.89,BRENDA
LGTHL,6700.0,4.4.1.5,BRENDA and SABIO-RK
PYDXPP,19.4,3.1.3.74,BRENDA and SABIO-RK
PDXPP,19.4,3.1.3.74,BRENDA and SABIO-RK
HACD6,45500.0,1.1.1.35,BRENDA and SABIO-RK
ECOAH1,57500000.0,4.2.1.55,gene-GO
ECOAH2,57500000.0,4.2.1.74,gene-GO
ECOAH3,57500000.0,4.2.1.74,gene-GO
UGLT,999.0,2.7.7.12,BRENDA and SABIO-RK
DXPS,999.0,2.2.1.7,BRENDA
CDPMEK,195.5,2.7.1.148,median
MECDPS,2.7,4.6.1.12,BRENDA and SABIO-RK
DDGLK,26.3,2.7.1.45,BRENDA
XYLI2,230.0,5.3.1.5,BRENDA and SABIO-RK
PMANM,134.9,5.4.2.8,BRENDA and SABIO-RK
ICL,800.0,4.1.3.1,BRENDA and SABIO-RK
GLYCL,20.9,2.1.2.10,BRENDA
CMPN,195.5,3.2.2.10,median
HCYSMT,999.0,2.1.1.10,BRENDA and SABIO-RK
UDPG4E,38295.0,5.1.3.2,BRENDA and SABIO-RK
LACZ,2700000.0,3.2.1.23,BRENDA and SABIO-RK
TRE6PH,46.7,3.2.1.93,BRENDA
XYLI1,230.0,5.3.1.5,BRENDA and SABIO-RK
PPC,999.0,4.1.1.31,BRENDA and SABIO-RK
G3PT,833.0,3.1.3.21,BRENDA
CINNDO,57500000.0,1.14.12.19,gene-GO
DHPPD,195.5,1.3.1.87,median
DHCIND,195.5,1.3.1.87,median
CITL,57500000.0,4.1.3.6,gene-GO
GOFUCR,0.75,1.1.1.271,BRENDA
PYDXK,131.0,2.7.1.35,BRENDA
GTPCII2,432.0,3.5.4.25,BRENDA
URIC,21800.0,1.7.3.3,BRENDA and SABIO-RK
SADT2,260.0,2.7.7.4,BRENDA and SABIO-RK
LCARS,195.5,1.1.1.77,median
ALCD19,57.2,1.1.1.72,BRENDA and SABIO-RK
RMPA,38.3,4.1.2.19,BRENDA
SBTPD,195.5,1.1.1.140,median
PFK_2,195.5,2.7.1.56,median
GLTPD,195.5,1.1.1.M6,median
TGBPA,24.3,4.1.2.40,BRENDA and SABIO-RK
MANAO,195.5,1.1.1.57,median
TAGURr,195.5,1.1.1.58,median
PGLYCP,292.0,3.1.3.18,BRENDA and SABIO-RK
GLXCL,18.9,4.1.1.47,BRENDA
TARTD,57500000.0,4.2.1.32,gene-GO
GLCRAL,447.0,4.1.2.20,BRENDA
KAS14,57500000.0,2.3.1.86,gene-GO
EDTXS1,131.0,2.3.1.241,BRENDA
EDTXS2,195.5,2.3.1.243,median
NNDPR,999.0,2.4.2.19,BRENDA
HACD4,45500.0,1.1.1.35,BRENDA and SABIO-RK
HACD7,45500.0,1.1.1.35,BRENDA and SABIO-RK
AACPS1,0.016,6.2.1.20,BRENDA
SDPDS,370.0,3.5.1.18,BRENDA and SABIO-RK
DKGLCNR2y,48.2,1.1.1.215,BRENDA and SABIO-RK
RZ5PP,195.5,3.1.3.73,median
NTD9,757.0,3.1.3.5,BRENDA and SABIO-RK
NTD10,757.0,3.1.3.5,BRENDA and SABIO-RK
ADPT,90.0,2.4.2.8,BRENDA and SABIO-RK
ADK1,1100.0,2.7.4.3,BRENDA and SABIO-RK
OCTDPS,2.0,2.5.1.90,BRENDA
AACPS2,0.016,6.2.1.20,BRENDA
AACPS3,0.016,6.2.1.20,BRENDA
AMANK,83.0,2.7.1.60,SABIO-RK
ACNML,44.2,4.1.3.3,BRENDA and SABIO-RK
CAT,2830000.0,1.11.1.6,BRENDA and SABIO-RK
ACMAMUT,195.5,2.4.1.180,median
DDGALK,195.5,2.7.1.58,median
AB6PGH,195.0,3.2.1.86,BRENDA and SABIO-RK
AMALT1,999.0,2.4.1.25,BRENDA and SABIO-RK
MLTP2,312.0,2.4.1.1,BRENDA and SABIO-RK
PACCOAL,60.5,6.2.1.30,BRENDA and SABIO-RK
AADDGT,195.5,2.4.1.325,median
TRE6PS,999.0,2.4.1.15,BRENDA
TREH,999.0,3.2.1.28,BRENDA and SABIO-RK
CYTK1,109.0,2.7.4.25,BRENDA
CYTK2,109.0,2.7.4.25,BRENDA
GK1,1500.0,2.7.4.8,BRENDA and SABIO-RK
HACD1,45500.0,1.1.1.35,BRENDA and SABIO-RK
HACD2,45500.0,1.1.1.35,BRENDA and SABIO-RK
ACACCT,57500000.0,2.8.3.9,gene-GO
BUTCT,290.0,2.8.3.8,BRENDA
G1PTT,41.0,2.7.7.24,BRENDA
TDPGDH,466.6,4.2.1.46,BRENDA
UDPGALM,100.0,5.4.99.9,BRENDA
TDPDRE,999.0,5.1.3.13,BRENDA and SABIO-RK
TDPDRR,53.0,1.1.1.133,BRENDA and SABIO-RK
ALLTN,3423.0,3.5.2.5,BRENDA and SABIO-RK
UAPGR,62.0,1.3.1.98,SABIO-RK
NDPK7,2085.0,2.7.4.6,BRENDA and SABIO-RK
AOBUTDs,52.8,1.1.1.381,BRENDA
GLYAT,0.6579999999999999,2.3.1.37,BRENDA
ADNUC,344.0,3.2.2.8,BRENDA
S7PI,33.1,5.3.1.28,BRENDA
TRPS3,999.0,4.2.1.20,BRENDA and SABIO-RK
CRNBTCT,195.5,2.8.3.21,median
CRNCBCT,195.5,2.8.3.21,median
CRNCDH,195.5,4.2.1.149,median
FADRx,195.5,1.5.1.45,median
GTPDPK,127.0,2.7.6.5,BRENDA and SABIO-RK
NADN,57.9,3.2.2.6,BRENDA
NDPK2,2085.0,2.7.4.6,BRENDA and SABIO-RK
NDPK3,2085.0,2.7.4.6,BRENDA and SABIO-RK
NDPK4,2085.0,2.7.4.6,BRENDA and SABIO-RK
FCLT,6.7,4.99.1.1,BRENDA
HBZOPT,195.5,2.5.1.39,median
PNTK,329.0,2.7.1.33,BRENDA and SABIO-RK
DPCOAK,14.2,2.7.1.24,BRENDA and SABIO-RK
HETZK,195.5,2.7.1.50,median
KDOPS,100.0,2.5.1.55,BRENDA and SABIO-RK
KDOPP,1.5,3.1.3.45,BRENDA
AST,195.5,2.3.1.109,median
SGDS,195.5,3.5.1.96,median
CYNTAH,195.5,4.2.1.104,median
GSPMDA,5.1,3.5.1.78,BRENDA and SABIO-RK
GSPMDS,999.0,6.3.1.9,BRENDA and SABIO-RK
GUAD,649.0,3.5.4.3,BRENDA and SABIO-RK
DGK1,1500.0,2.7.4.8,BRENDA and SABIO-RK
DTMPK,38.1,2.7.4.9,BRENDA and SABIO-RK
NDPK1,2085.0,2.7.4.6,BRENDA and SABIO-RK
TRDR,1600.0,1.8.1.9,BRENDA and SABIO-RK
PGMT,134.9,5.4.2.8,BRENDA and SABIO-RK
FRUK,195.5,2.7.1.56,median
RHCCE,999.0,4.4.1.21,BRENDA and SABIO-RK
KG6PDC,64.0,4.1.1.85,BRENDA and SABIO-RK
X5PL3E,57500000.0,5.1.3.22,gene-GO
DOGULNR,195.5,1.1.1.130,median
BETALDHx,276.0,1.2.1.8,BRENDA
BETALDHy,276.0,1.2.1.8,BRENDA
MLTG3,4945.0,3.2.1.74,BRENDA and SABIO-RK
NADTRHD,195.5,1.6.1.3,median
FMNRx2,28.0,1.5.1.39,SABIO-RK
ACPS1,2.8,2.7.8.7,BRENDA and SABIO-RK
GMPS2,999.0,6.3.5.2,BRENDA
AMPN,62.0,3.2.2.4,BRENDA
GSNK,195.5,2.7.1.73,median
ADCS,2.2,2.6.1.85,BRENDA and SABIO-RK
ADCL,57500000.0,4.1.3.38,gene-GO
DHAPT,4.833333333333333,2.7.1.121,SABIO-RK
UMPK,500.0,2.7.4.4,BRENDA
DDPGALA,61.9,4.1.2.55,BRENDA and SABIO-RK
DURIK1,999.0,2.7.1.21,BRENDA and SABIO-RK
UPPRT,6.1,2.4.2.9,BRENDA and SABIO-RK
CTPS2,999.0,6.3.4.2,BRENDA and SABIO-RK
NTD1,3.48,3.1.3.89,BRENDA
NTD7,757.0,3.1.3.5,BRENDA and SABIO-RK
PAPPT3,999.0,2.7.8.13,BRENDA and SABIO-RK
UAGPT3,14.0,2.4.1.227,BRENDA
F6PA,57500000.0,4.1.2.-,gene-GO
AGMHE,195.5,5.1.3.20,median
GMHEPAT,195.5,2.7.7.70,median
IDOND,195.5,1.1.1.366,median
IDOND2,195.5,1.1.1.264,median
GLYCLTDx,760000.0,1.1.1.79,BRENDA and SABIO-RK
HPYRRy,72.5,1.1.1.81,BRENDA and SABIO-RK
ACODA,3800.0,3.5.1.16,BRENDA
ADA,250.0,3.5.4.4,BRENDA and SABIO-RK
DADA,250.0,3.5.4.4,BRENDA and SABIO-RK
ADD,200.0,3.5.4.2,BRENDA and SABIO-RK
ADSS,999.0,6.3.4.4,BRENDA and SABIO-RK
AGDC,2610.0,3.5.1.25,BRENDA
ASNN,19.4,3.5.5.4,BRENDA
ASNS2,9.19,6.3.5.4,BRENDA
ASPCT,417.0,2.1.3.2,BRENDA and SABIO-RK
DMPPS,3.7,1.17.1.2,BRENDA
MCOATA,2830000.0,2.3.1.86,gene-GO
IPDPS,3.7,1.17.1.2,BRENDA
DAPE,128.0,5.1.1.7,BRENDA
DHDPRy,195.5,1.3.1.26,median
HSK,40.8,2.7.1.39,BRENDA and SABIO-RK
SDPTA,24.0,2.6.1.17,BRENDA
THRS,4080.0,4.2.3.1,BRENDA
HSST,36.72,2.3.1.46,BRENDA
PPNDH,6.1,4.2.1.91,BRENDA and SABIO-RK
DDPA,122.0,2.5.1.54,BRENDA and SABIO-RK
NMNDA,4.1,3.5.1.42,BRENDA
NNAM,135.7,3.5.1.19,BRENDA
P5CD,25.0,1.5.1.12,BRENDA
SPMDAT1,9.0,2.3.1.57,BRENDA
SPMDAT2,195.5,2.6.1.29,median
TDPADGAT,195.5,2.3.1.210,median
MALS,999.0,2.3.3.9,BRENDA
TRE6PP,24.0,3.1.3.12,BRENDA
ADPRDP,129.1,3.6.1.13,BRENDA and SABIO-RK
ARAI,230.0,5.3.1.5,BRENDA and SABIO-RK
M1PD,132.0,1.1.1.17,BRENDA and SABIO-RK
G3PD2,195.5,1.1.1.94,median
GALS3,7659.0,3.2.1.22,BRENDA and SABIO-RK
FCI,0.1823,5.3.1.3,BRENDA
FCLK,195.5,2.7.1.51,median
FCLPA,19.3,4.1.2.17,BRENDA and SABIO-RK
ACCOAL,411.0,6.2.1.13,BRENDA and SABIO-RK
GALUi,999.0,2.7.7.9,BRENDA
U23GAAT,999.0,2.3.1.191,BRENDA
UAAGDS,8.83,6.3.2.13,BRENDA
UAMAS,999.0,6.3.2.8,BRENDA
UAMAGS,999.0,6.3.2.9,BRENDA
UGLYCH,195.5,3.5.3.19,median
OP4ENH,450.0,4.2.1.80,BRENDA and SABIO-RK
HOPNTAL,358.4,4.1.3.39,BRENDA and SABIO-RK
3HPPPNH,195.5,1.14.13.127,median
AKGDH,57500000.0,2.3.1.61,gene-GO
HPYRRx,72.5,1.1.1.81,BRENDA and SABIO-RK
GLYCDx,98.44,1.1.1.6,BRENDA and SABIO-RK
ASP1DC,100.7,4.1.1.15,BRENDA and SABIO-RK
UGMDDS,999.0,6.3.2.10,BRENDA and SABIO-RK
UHGADA,3.3,3.5.1.108,BRENDA
UAGAAT,10.5,2.3.1.129,BRENDA
ATPPRT,2.7,2.4.2.17,BRENDA
HISTD,35.0,1.1.1.23,BRENDA and SABIO-RK
IGPDH,1000.0,4.2.1.19,BRENDA
PRPPS,311.0,2.7.6.1,BRENDA
PRATPP,195.5,3.6.1.31,median
PRMICI,32.0,5.3.1.16,BRENDA and SABIO-RK
SERAT,3300.0,2.3.1.30,BRENDA and SABIO-RK
CYSS,14000.0,2.5.1.65,BRENDA
BPNT,22.0,3.1.3.97,SABIO-RK
PAPSR,3.5,1.8.4.8,BRENDA
ASPK,469.3,2.7.2.4,BRENDA and SABIO-RK
ASAD,680.0,1.2.1.11,BRENDA and SABIO-RK
DAPDC,58.0,4.1.1.20,BRENDA
METAT,7.5,2.5.1.6,BRENDA
ASCBPL,195.5,3.1.1.-,median
ACBIPGT,4.7,2.7.7.62,BRENDA and SABIO-RK
ADOCBLS,0.67,2.7.8.26,BRENDA
ADOCBIK,0.251,2.7.1.156,BRENDA
TMPK,0.063,2.7.4.16,BRENDA
HPPPNDO,50.0,1.13.11.16,BRENDA and SABIO-RK
DHCINDO,50.0,1.13.11.16,BRENDA and SABIO-RK
HKNDDH,8.0,3.7.1.14,BRENDA
HKNTDH,8.0,3.7.1.14,BRENDA
GLYCK2,350.0,2.7.1.31,BRENDA and SABIO-RK
SULR,999.0,1.8.1.2,BRENDA
MANPGH,195.5,3.2.1.170,median
URDGLYCD,62.39,1.1.1.350,BRENDA
CBMKr,730.0,2.7.2.2,BRENDA and SABIO-RK
AMANAPEr,195.5,5.1.3.9,median
ACM6PH,5.7,4.2.1.126,BRENDA
NNATr,53.9,2.7.7.18,BRENDA and SABIO-RK
CYTDH,344.0,3.2.2.8,BRENDA
PSERT,2.49,2.6.1.52,BRENDA and SABIO-RK
AIRC2,24.83,6.3.4.18,BRENDA
GAPD,8.0,1.2.1.59,SABIO-RK
HEX1,1492.0,2.7.1.2,BRENDA and SABIO-RK
GND,325.0,1.1.1.44,BRENDA and SABIO-RK
TAUDO,999.0,1.14.11.17,BRENDA and SABIO-RK
ME2,4670.0,1.1.1.40,BRENDA and SABIO-RK
ARGSL,2930.0,4.3.2.1,BRENDA and SABIO-RK
CBPS,2660.0,6.3.5.5,BRENDA and SABIO-RK
GLU5K,195.5,2.7.2.11,median
IPPS,450.0,2.3.3.13,BRENDA and SABIO-RK
ACOATA,57500000.0,2.3.1.86,gene-GO
MLTG1,1278.0,3.2.1.20,BRENDA and SABIO-RK
AMALT3,999.0,2.4.1.25,BRENDA and SABIO-RK
MLTP3,312.0,2.4.1.1,BRENDA and SABIO-RK
SPODM,107000.0,1.15.1.1,BRENDA
AHCYSNS,7.1,3.2.2.9,BRENDA
TMK,195.5,2.7.1.89,median
NTPP4,960000.0,3.6.1.9,BRENDA and SABIO-RK
NTPP3,960000.0,3.6.1.9,BRENDA and SABIO-RK
NTPP6,960000.0,3.6.1.9,BRENDA and SABIO-RK
NTPP7,960000.0,3.6.1.9,BRENDA and SABIO-RK
NTPP8,960000.0,3.6.1.9,BRENDA and SABIO-RK
P5CR,4170.0,1.5.1.2,BRENDA and SABIO-RK
CYANST,766.666667,2.8.1.1,BRENDA and SABIO-RK
DHPPDA2,195.5,3.5.4.26,median
GMAND,8.82,4.2.1.47,BRENDA
PPCSCT,14.2,2.8.3.1,BRENDA
CYTD,195.5,3.5.4.5,median
DCYTD,195.5,3.5.4.5,median
DBTS,49.0,6.3.3.3,BRENDA and SABIO-RK
DCTPD,999.0,3.5.4.13,BRENDA
G1PACT,38.0,2.3.1.4,BRENDA and SABIO-RK
GART,195.5,2.1.2.-,median
CSND,186.0,3.5.4.1,BRENDA
GF6PTA,35.5,2.6.1.16,BRENDA
GLUCYS,7920.0,6.3.2.2,BRENDA and SABIO-RK
GLUN,2660.0,6.3.5.5,BRENDA and SABIO-RK
GLUPRT,195.5,2.4.2.14,median
GMPR,0.519,1.7.1.7,BRENDA
NADS1,999.0,6.3.5.1,BRENDA
NTRIR2x,130.0,1.7.1.4,BRENDA
OCBT,3580.0,2.1.3.3,BRENDA and SABIO-RK
GARFT,40.0,2.1.2.2,BRENDA
GPDDA1,3.3,3.1.4.46,BRENDA
GPDDA2,3.3,3.1.4.46,BRENDA
PHETA1,3100.0,2.6.1.9,BRENDA and SABIO-RK
PPND,356.1,1.3.1.12,BRENDA and SABIO-RK
TRPS1,999.0,4.2.1.20,BRENDA and SABIO-RK
PRAMPC,9.9,3.5.4.19,BRENDA
MCITL2,105.0,4.1.3.30,BRENDA and SABIO-RK
DXYLK,195.5,2.7.1.-,median
SOTA,4.7,2.6.1.81,BRENDA
SGSAD,195.5,1.2.1.71,median
PTA2,5252.0,2.3.1.8,BRENDA and SABIO-RK
ACOTA,1.55,2.6.1.11,BRENDA and SABIO-RK
GPDDA5,195.5,3.1.4.44,median
PPBNGS,999.0,4.2.1.24,BRENDA
PPNCL2,2.9,6.3.2.5,BRENDA and SABIO-RK
PRAGSr,999.0,6.3.4.13,BRENDA
PRFGS,999.0,6.3.5.3,BRENDA
ETHAAL,770.0,4.3.1.7,BRENDA
MAN1PT2,195.5,2.7.7.22,median
AP4AH,250.0,3.6.1.41,BRENDA
AP5AH,4.1,3.6.1.61,BRENDA
ADNCYC,4600.0,4.6.1.1,BRENDA and SABIO-RK
MI1PP,999.0,3.1.3.25,BRENDA and SABIO-RK
MCITS,29.9,2.3.3.5,BRENDA and SABIO-RK
PPAKr,120.0,2.7.2.15,BRENDA
NTP3,1500.0,3.6.5.6,BRENDA
PPM2,185.0,5.4.2.7,BRENDA
MOAT2,195.5,2.4.99.13,median
G6PDH2r,8000.0,1.1.1.49,BRENDA and SABIO-RK
MOHMT,0.7829999999999999,2.1.2.11,BRENDA
GMPS,999.0,6.3.5.2,BRENDA
FTHFLi,2100.0,6.3.4.3,BRENDA and SABIO-RK
UDPGD,105.0,1.1.1.22,BRENDA and SABIO-RK
GLCRD,44.0,4.2.1.40,BRENDA and SABIO-RK
PPPNDO,57500000.0,1.14.12.19,gene-GO
CHRPL,1.7,4.1.3.40,BRENDA
TDPAGTA,0.38,2.6.1.59,BRENDA
UACMAMO,0.4,1.1.1.336,BRENDA and SABIO-RK
FBA3,87.0,4.1.2.13,BRENDA and SABIO-RK
PMPK,0.0867,2.7.4.7,BRENDA
LCADi,761.5,1.2.1.22,BRENDA and SABIO-RK
ADK3,500.0,2.7.4.4,BRENDA
GLUDC,100.7,4.1.1.15,BRENDA and SABIO-RK
BSORy,195.5,1.-.-.-,median
ADSK,272.0,2.7.1.25,BRENDA
HSDy,245.0,1.1.1.3,BRENDA and SABIO-RK
CYSTL,34.1,4.4.1.8,BRENDA
SHSL1,166.0,2.5.1.48,BRENDA and SABIO-RK
SSALy,136.3,1.2.1.79,BRENDA
3HCINNMH,195.5,1.14.13.127,median
NMNt7pp,195.5,3.2.2.14,median
SPODMpp,107000.0,1.15.1.1,BRENDA
NTP3pp,1500.0,3.6.5.6,BRENDA
NO3R2bpp,2830000.0,1.7.99.4,gene-GO
THD2pp,333.0,1.6.1.1,BRENDA
ACACT7r,5000000.0,2.3.1.9,BRENDA and SABIO-RK
PSP_L,1506.0,3.1.3.3,BRENDA and SABIO-RK
ACACT2r,5000000.0,2.3.1.9,BRENDA and SABIO-RK
ACACT3r,5000000.0,2.3.1.9,BRENDA and SABIO-RK
ACACT4r,5000000.0,2.3.1.9,BRENDA and SABIO-RK
SULabcpp,57500000.0,3.6.3.25,gene-GO
TSULabcpp,57500000.0,3.6.3.25,gene-GO
AHGDx,195.5,1.1.1.M7,median
TAURabcpp,195.5,3.6.3.36,median
TREptspp,57500000.0,2.7.1.69,gene-GO
GTPCI,43.21666666666667,3.5.4.16,BRENDA and SABIO-RK
FDMO,0.88,1.14.14.5,BRENDA
CBL1abcpp,1.39,3.6.3.33,BRENDA
CHOLD,4808.0,1.1.1.1,BRENDA and SABIO-RK
DRPA,521.0,4.1.2.4,BRENDA and SABIO-RK
TKT2,410000.0,2.2.1.1,BRENDA and SABIO-RK
FEENTERabcpp,57500000.0,3.6.3.34,gene-GO
FECRMabcpp,195.5,3.6.3.34,median
ARGabcpp,57500000.0,3.6.3.21,gene-GO
ASPabcpp,57500000.0,3.6.3.21,gene-GO
NTD8pp,3.48,3.1.3.89,BRENDA
CYSabcpp,57500000.0,3.6.3.21,gene-GO
TREHpp,999.0,3.2.1.28,BRENDA and SABIO-RK
ATPS4rpp,390.0,3.6.3.14,BRENDA
ARBabcpp,57500000.0,3.6.3.17,gene-GO
ECOAH8,5667.0,4.2.1.17,BRENDA and SABIO-RK
ECOAH5,57500000.0,4.2.1.74,gene-GO
DHFS,999.0,6.3.2.17,BRENDA
ACGAMK,65.0,2.7.1.59,BRENDA and SABIO-RK
METS,999.0,2.1.1.13,BRENDA and SABIO-RK
CYSabc2pp,57500000.0,3.6.3.21,gene-GO
PRASCSi,195.5,6.3.2.6,median
TRSARr,243.0,1.1.1.60,BRENDA
LYXI,195.5,5.3.1.-,median
CBIuabcpp,1.39,3.6.3.33,BRENDA
URIH,23.8,3.2.2.3,BRENDA
XTSNH,62.0,3.2.2.1,BRENDA and SABIO-RK
INSH,344.0,3.2.2.8,BRENDA
MTHFR2,999.0,1.5.1.20,BRENDA and SABIO-RK
ASPO5,195.5,1.5.99.-,median
ASPO6,10.6,1.4.3.16,BRENDA
ACACT5r,5000000.0,2.3.1.9,BRENDA and SABIO-RK
MALDDH,195.5,1.1.1.83,median
DHPS2,999.0,2.5.1.15,BRENDA and SABIO-RK
MTHFC,8700.0,3.5.4.9,BRENDA and SABIO-RK
MTHFD,1700.0,1.5.1.5,BRENDA and SABIO-RK
QULNS,195.5,2.5.1.72,median
ALKP,40850.0,3.1.3.2,BRENDA and SABIO-RK
L_LACD3,473.0,1.1.2.3,BRENDA and SABIO-RK
L_LACD2,473.0,1.1.2.3,BRENDA and SABIO-RK
ACACT6r,5000000.0,2.3.1.9,BRENDA and SABIO-RK
GGGABADr,195.5,1.2.1.-,median
GLYOX3,2.61,4.2.1.130,BRENDA
FDMO4,0.88,1.14.14.5,BRENDA
MALTATr,195.5,2.3.1.79,median
ENTERES,195.5,3.1.1.-,median
ALAGLUE,17.0,5.1.1.20,BRENDA
GGGABAH,195.5,3.5.1.94,median
CYANSTpp,766.666667,2.8.1.1,BRENDA and SABIO-RK
MCPST,5310.0,2.8.1.2,BRENDA and SABIO-RK
PHEMEabcpp,57500000.0,3.6.3.41,gene-GO
NODOy,670.0,1.14.12.17,BRENDA and SABIO-RK
GALM2pp,22000.0,5.1.3.3,BRENDA and SABIO-RK
CU1abcpp,5.9,3.6.3.54,BRENDA
HEPT4,195.5,2.4.1.56,median
NODOx,670.0,1.14.12.17,BRENDA and SABIO-RK
NHFRBO,1200.0,1.7.1.14,BRENDA and SABIO-RK
42A12BOOXpp,91.0,1.4.99.4,BRENDA
TYROXDApp,91.0,1.4.99.4,BRENDA
METSOXR1,14.0,1.8.4.14,BRENDA
METSOXR2,14.0,1.8.4.14,BRENDA
DAPAL,375.8,4.3.1.15,BRENDA and SABIO-RK
AMPTASECG,33300.0,3.4.13.18,BRENDA and SABIO-RK
LACZpp,2700000.0,3.2.1.23,BRENDA and SABIO-RK
GPDDA1pp,3.3,3.1.4.46,BRENDA
GPDDA5pp,195.5,3.1.4.44,median
FLVR,0.603,1.5.1.41,BRENDA
FDMO2,195.5,1.14.14.ah,median
LALGP,33300.0,3.4.13.18,BRENDA and SABIO-RK
UDPGALPpp,1492.0,3.6.1.45,BRENDA
UACGAMPpp,1492.0,3.6.1.45,BRENDA
UACGALPpp,1492.0,3.6.1.45,BRENDA
FEROpp,2548.0,1.16.3.1,BRENDA and SABIO-RK
ACGAL1PPpp,145.0,3.1.3.10,BRENDA
CBLAT,999.0,2.5.1.17,BRENDA and SABIO-RK
TDP,5096.0,3.6.1.15,BRENDA and SABIO-RK
PTHRpp,57500000.0,3.1.3.-,gene-GO
ARABDI,0.1823,5.3.1.3,BRENDA
ZNabcpp,300.0,3.6.3.5,BRENDA
PSP_Lpp,1506.0,3.1.3.3,BRENDA and SABIO-RK
PAPSR2,3.5,1.8.4.8,BRENDA
GRXR,293.0,1.8.4.2,SABIO-RK
FACOAE160,195.5,3.1.2.22,median
FACOAE140,183.0,3.1.2.2,BRENDA and SABIO-RK
PPGPPDP,6.0,3.1.7.2,BRENDA and SABIO-RK
GUACYC,290.0,4.6.1.2,BRENDA
23PDE2pp,72.0,3.1.4.16,BRENDA and SABIO-RK
23PDE4pp,72.0,3.1.4.16,BRENDA and SABIO-RK
23PDE9pp,72.0,3.1.4.16,BRENDA and SABIO-RK
ATPHs,195.5,3.5.4.18,median
SARCOX,101.0,1.5.3.1,BRENDA
3KGK,195.5,2.7.1.53,median
IDONt2rpp,195.5,3.6.3.-,median
GDPDPK,127.0,2.7.6.5,BRENDA and SABIO-RK
TUNGSabcpp,57500000.0,3.6.3.55,gene-GO
MOBDabcpp,57500000.0,3.6.3.29,gene-GO
NI2uabcpp,57500000.0,3.6.3.24,gene-GO
R15BPK,195.5,2.7.4.23,median
Kabcpp,57500000.0,3.6.3.12,gene-GO
MALTabcpp,7.8,3.6.3.19,BRENDA
MALTTRabcpp,57500000.0,3.6.3.-,gene-GO
MALTTTRabcpp,57500000.0,3.6.3.-,gene-GO
GGPTRCS,5.94,6.3.1.11,BRENDA
ORNabcpp,195.5,3.6.3.21,median
PIuabcpp,57500000.0,3.6.3.27,gene-GO
PTRCabcpp,57500000.0,3.6.3.31,gene-GO
ASNNpp,19.4,3.5.5.4,BRENDA
GLUNpp,2660.0,6.3.5.5,BRENDA and SABIO-RK
DNTPPA,11.6,3.6.1.67,BRENDA
NTPP9,960000.0,3.6.1.9,BRENDA and SABIO-RK
NTPP10,1009.0,3.6.1.66,BRENDA
NTPP11,1009.0,3.6.1.66,BRENDA
NTD10pp,757.0,3.1.3.5,BRENDA and SABIO-RK
NTD1pp,3.48,3.1.3.89,BRENDA
NTD2pp,757.0,3.1.3.5,BRENDA and SABIO-RK
NTD3pp,3.48,3.1.3.89,BRENDA
NTD4pp,12.0,3.1.3.91,BRENDA and SABIO-RK
NTD5pp,3.48,3.1.3.89,BRENDA
NTD6pp,3.48,3.1.3.89,BRENDA
NTD7pp,757.0,3.1.3.5,BRENDA and SABIO-RK
NTD9pp,757.0,3.1.3.5,BRENDA and SABIO-RK
PEAMNOpp,195.5,1.4.3.6,median
GAL1PPpp,195.5,3.1.3.94,median
ARGDCpp,999.0,4.1.1.19,BRENDA and SABIO-RK
ALLPI,52000.0,5.3.1.6,BRENDA and SABIO-RK
ALLK,47.0,2.7.1.55,SABIO-RK
ALLULPE,195.5,5.1.3.-,median
RIBabcpp,57500000.0,3.6.3.17,gene-GO
GPDDA3pp,3.3,3.1.4.46,BRENDA
GPDDA4pp,3.3,3.1.4.46,BRENDA
GPDDA2pp,3.3,3.1.4.46,BRENDA
CU2abcpp,195.5,3.6.3.4,median
NI2abcpp,195.5,3.6.3.24,median
MG2uabcpp,23.0,3.6.3.2,BRENDA
HCYSMT2,999.0,2.1.1.10,BRENDA and SABIO-RK
GLNabcpp,57500000.0,3.6.3.21,gene-GO
GLUabcpp,57500000.0,3.6.3.21,gene-GO
ACGK,187.5,2.7.2.8,BRENDA
14GLUCANtexi,195.5,2.4.1.161,median
DHPTPE,195.5,5.1.99.d,median
GLBRAN2,1000.0,2.4.1.18,BRENDA
ASR,0.3,1.20.4.1,BRENDA and SABIO-RK
FALDH2,72000.0,1.1.1.284,BRENDA and SABIO-RK
HISabcpp,195.5,3.6.3.21,median
CBIAT,999.0,2.5.1.17,BRENDA and SABIO-RK
LYSabcpp,195.5,3.6.3.21,median
PPDOy,195.5,1.1.1.-,median
FALGTHLs,195.5,4.4.1.22,median
PPA2,7900.0,3.6.1.25,BRENDA
3NTD7pp,176.0,3.1.3.6,BRENDA and SABIO-RK
3NTD4pp,176.0,3.1.3.6,BRENDA and SABIO-RK
3NTD2pp,176.0,3.1.3.6,BRENDA and SABIO-RK
3NTD9pp,176.0,3.1.3.6,BRENDA and SABIO-RK
23PDE7pp,72.0,3.1.4.16,BRENDA and SABIO-RK
HSTPT,3100.0,2.6.1.9,BRENDA and SABIO-RK
THDPS,195.5,2.3.1.117,median
ACONMT,195.5,2.1.1.144,median
GNK,9.5,2.7.1.12,BRENDA
HMBS,0.25,4.3.1.8,BRENDA
RMK,195.5,2.7.1.5,median
HYPOE,19.4,3.1.3.74,BRENDA and SABIO-RK
MEPCT,999.0,2.7.7.60,BRENDA and SABIO-RK
GLUDy,28650.0,1.4.1.4,BRENDA and SABIO-RK
ZN2abcpp,300.0,3.6.3.5,BRENDA
GLYCLTDy,760000.0,1.1.1.79,BRENDA and SABIO-RK
LYSDC,636.0,4.1.1.18,BRENDA and SABIO-RK
DAAD,5700.0,1.4.99.1,BRENDA
GLYC3Pabcpp,57500000.0,3.6.3.20,gene-GO
SPMDabcpp,57500000.0,3.6.3.31,gene-GO
NTPP5,960000.0,3.6.1.9,BRENDA and SABIO-RK
ATPM,2.21,3.6.4.9,BRENDA
NADPPPS,40850.0,3.1.3.2,BRENDA and SABIO-RK
NTD3,3.48,3.1.3.89,BRENDA
GLYOX,3930.0,3.1.2.6,BRENDA and SABIO-RK
MTRPOX,195.5,1.5.3.2,median
GTPDPDP,1.1,3.6.1.40,BRENDA
RNDR2,12.9,1.17.4.1,BRENDA
NMNN,195.5,3.2.2.14,median
XAND,1097.0,1.17.1.4,BRENDA and SABIO-RK
HACD3,45500.0,1.1.1.35,BRENDA and SABIO-RK
NNDMBRT,149.0,2.4.2.21,BRENDA
ASO3t8pp,195.5,3.6.3.16,median
OMCDC,999.0,1.1.1.85,BRENDA
ABUTD,999.0,1.2.1.3,BRENDA and SABIO-RK
E4PD,200.0,1.2.1.72,BRENDA and SABIO-RK
IG3PS,57500000.0,4.3.2.M2,gene-GO
DADK,1100.0,2.7.4.3,BRENDA and SABIO-RK
DUTPDP,960000.0,3.6.1.9,BRENDA and SABIO-RK
NTP5,3019.0,3.6.1.5,BRENDA and SABIO-RK
MTAN,7.1,3.2.2.9,BRENDA
DPR,40.0,1.1.1.169,BRENDA and SABIO-RK
THRD_L,1414.0,4.3.1.19,BRENDA and SABIO-RK
NAMNPP,999.0,6.3.4.21,BRENDA
SELNPS,195.5,2.7.9.3,median
CRNCAR,195.5,5.1.1.-,median
GALabcpp,57500000.0,3.6.3.17,gene-GO
DHFR,284.0,1.5.1.3,BRENDA and SABIO-RK
PRAIi,999.0,5.3.1.24,BRENDA and SABIO-RK
TYRTA,3100.0,2.6.1.9,BRENDA and SABIO-RK
SHKK,60.0,2.7.1.71,BRENDA and SABIO-RK
SADH,195.5,3.5.3.23,median
GLUSy,41.9,1.4.1.13,BRENDA and SABIO-RK
GUAPRT,90.0,2.4.2.8,BRENDA and SABIO-RK
PDH,2.4,2.3.1.12,BRENDA
HYD3pp,483.0,1.18.99.1,BRENDA
NTD8,3.48,3.1.3.89,BRENDA
GALCTD,22.0,4.2.1.42,BRENDA
MLTG4,1278.0,3.2.1.20,BRENDA and SABIO-RK
UDPGDC,0.32,1.1.1.305,BRENDA
PUNP4,1770.0,2.4.2.4,BRENDA
AMAOTr,999.0,2.6.1.62,BRENDA and SABIO-RK
NTD11pp,5000000.0,3.1.3.99,gene-GO
ACGS,3.333333333333333,2.3.1.1,BRENDA and SABIO-RK
PDE1,6.7,3.1.4.53,BRENDA
MCITD,195.5,4.2.1.79,median
GLCATr,195.5,2.3.1.79,median
ALAALAr,48.5,6.3.2.4,BRENDA and SABIO-RK
ACACT1r,5000000.0,2.3.1.9,BRENDA and SABIO-RK
CD2abcpp,195.5,3.6.3.46,median
G2PPpp,57500000.0,3.1.3.19,gene-GO
SUCOAS,999.0,6.2.1.5,BRENDA
NTP1,2.21,3.6.4.9,BRENDA
GALKr,146.0,2.7.1.6,BRENDA and SABIO-RK
PANTS,6.08,6.3.2.1,BRENDA and SABIO-RK
DHQS,25000.0,4.2.3.4,BRENDA
PGCD,3850.0,1.1.1.95,BRENDA and SABIO-RK
ADSL1r,999.0,4.3.2.2,BRENDA and SABIO-RK
SERD_D,118.0,4.3.1.18,BRENDA and SABIO-RK
AICART,195.5,2.1.2.3,median
PFK,999.0,2.7.1.11,BRENDA and SABIO-RK
PGM,999.0,5.4.2.12,BRENDA and SABIO-RK
TPI,57500000.0,5.3.1.1,BRENDA and SABIO-RK
RPI,52000.0,5.3.1.6,BRENDA and SABIO-RK
PERD,1.4,1.1.1.290,BRENDA
PYDAMK,131.0,2.7.1.35,BRENDA
FADRx2,57500000.0,1.5.1.45,gene-GO
PDE4,4400.0,3.1.4.35,BRENDA and SABIO-RK
ATHRDHr,52.8,1.1.1.381,BRENDA
LSERDHr,999.0,1.1.1.276,BRENDA
OBTFL,12.8,2.3.1.54,BRENDA
G6PP,700.0,3.1.3.9,BRENDA
MMCD,135.0,4.1.1.9,BRENDA and SABIO-RK
GLNS,999.0,6.3.1.2,BRENDA and SABIO-RK
GTHS,55.0,6.3.2.3,BRENDA and SABIO-RK
UDPKAAT,195.5,2.6.1.87,median
ULA4NFT,195.5,2.1.2.13,median
HEPT1,195.5,2.4.-.-,median
ALR2,57500000.0,1.1.1.-,gene-GO
AMALT2,999.0,2.4.1.25,BRENDA and SABIO-RK
MLTP1,312.0,2.4.1.1,BRENDA and SABIO-RK
HXAND,1097.0,1.17.1.4,BRENDA and SABIO-RK
GLCabcpp,57500000.0,3.6.3.17,gene-GO
UDPGPpp,960000.0,3.6.1.9,BRENDA and SABIO-RK
PPPGO,14.1,1.3.3.4,BRENDA and SABIO-RK
ADNK1,78300.0,2.7.1.74,BRENDA
CYSSADS,89.0,4.4.1.1,BRENDA and SABIO-RK
CPPPGO2,900.0,1.3.99.22,BRENDA
SHCHF,195.5,4.99.1.4,median
SUCBZL,121.7,6.2.1.26,BRENDA
CYSDDS,13800.0,4.4.1.15,BRENDA
LALDO3,195.5,1.2.1.49,median
NTP10,3019.0,3.6.1.5,BRENDA and SABIO-RK
PRAIS,195.5,6.3.3.1,median
GPDDA4,3.3,3.1.4.46,BRENDA
LPLIPAL2E180,1975.0,3.1.1.5,BRENDA
AACPS6,0.016,6.2.1.20,BRENDA
AACPS7,57500000.0,6.2.1.l,gene-GO
IPDDI,29900.0,5.3.3.2,BRENDA and SABIO-RK
PLIPA1E160pp,5158.0,3.1.1.32,BRENDA
AACPS8,0.016,6.2.1.20,BRENDA
AACPS9,57500000.0,6.2.1.l,gene-GO
HXCT,290.0,2.8.3.8,BRENDA
2AGPEAT160,195.5,2.3.1.40,median
DURADx,0.65,1.3.1.1,BRENDA
ECOAH7,57500000.0,4.2.1.74,gene-GO
G1PPpp,145.0,3.1.3.10,BRENDA
GALCTND,195.5,4.2.1.6,median
GCALDD,195.5,1.2.1.21,median
HISTP,2140.0,3.1.3.15,BRENDA
LDH_D,29000.0,1.1.1.28,BRENDA and SABIO-RK
AMALT4,999.0,2.4.1.25,BRENDA and SABIO-RK
NTD11,57500000.0,3.1.3.99,gene-GO
ORNDC,999.0,4.1.1.17,BRENDA and SABIO-RK
UPP3MT,38.0,2.1.1.107,BRENDA
KAS15,47.1,2.3.1.180,BRENDA
3OAS161,551.0,2.3.1.41,BRENDA and SABIO-RK
EAR141y,130.2,1.3.1.10,BRENDA and SABIO-RK
EAR161x,91.13,1.3.1.9,BRENDA and SABIO-RK
DASYN160,8.92,2.7.7.41,BRENDA
DASYN161,8.92,2.7.7.41,BRENDA
DASYN181,8.92,2.7.7.41,BRENDA
CDAPPA161,195.5,3.6.1.26,median
PGSA180,195.5,2.7.8.5,median
FACOAE180,183.0,3.1.2.2,BRENDA and SABIO-RK
FACOAE100,183.0,3.1.2.2,BRENDA and SABIO-RK
3OAS141,551.0,2.3.1.41,BRENDA and SABIO-RK
3OAR121,344.7,1.1.1.100,BRENDA and SABIO-RK
CFAS160G,100.0,2.1.1.79,BRENDA and SABIO-RK
ALAALAD,788.0,3.4.13.22,BRENDA
2AGPEAT180,195.5,2.3.1.40,median
PGPP160pp,24.0,3.1.3.27,BRENDA
PGPP180pp,24.0,3.1.3.27,BRENDA
PLIPA1E180pp,5158.0,3.1.1.32,BRENDA
PAPA160pp,195.5,3.1.3.4,median
HPYRI,195.5,5.3.1.22,median
TPRDCOAS,195.5,2.4.2.52,median
ACGAM1PPpp,145.0,3.1.3.10,BRENDA
FLVRx,0.603,1.5.1.41,BRENDA
AACTOOR,195.5,1.4.3.6,median
FMNRx,999.0,1.5.1.42,BRENDA
DHBS,5.83,2.7.7.58,BRENDA
MDDCP1pp,350.0,3.4.16.4,BRENDA and SABIO-RK
GUI2,196.0,5.3.1.12,BRENDA
GLYCK,350.0,2.7.1.31,BRENDA and SABIO-RK
MLTG5,1278.0,3.2.1.20,BRENDA and SABIO-RK
GPDDA3,3.3,3.1.4.46,BRENDA
2DOXG6PP,57500000.0,3.1.3.68,gene-GO
OXAMTC,195.5,2.1.3.5,median
SFGTHi,116.0,3.1.2.12,BRENDA and SABIO-RK
DHORDfum,999.0,1.3.98.1,BRENDA and SABIO-RK
DHNAOT4,195.5,2.5.1.74,median
THIORDXi,54500.0,1.11.1.16,BRENDA and SABIO-RK
PPPGO3,14.1,1.3.3.4,BRENDA and SABIO-RK
PDX5POi,33.0,1.4.3.5,BRENDA
LPLIPAL2A141,1975.0,3.1.1.5,BRENDA
EAR141x,91.13,1.3.1.9,BRENDA and SABIO-RK
EAR181x,91.13,1.3.1.9,BRENDA and SABIO-RK
EAR181y,130.2,1.3.1.10,BRENDA and SABIO-RK
G3PAT141,0.0918,2.3.1.15,BRENDA
G3PAT181,0.0918,2.3.1.15,BRENDA
DASYN140,8.92,2.7.7.41,BRENDA
DASYN180,8.92,2.7.7.41,BRENDA
DASYN141,8.92,2.7.7.41,BRENDA
CDAPPA160,195.5,3.6.1.26,median
CDAPPA141,195.5,3.6.1.26,median
FACOAE120,183.0,3.1.2.2,BRENDA and SABIO-RK
3OAR120,195.5,2.3.1.86,median
3HAD80,57500000.0,4.2.1.61,gene-GO
3HAD120,57500000.0,4.2.1.61,gene-GO
EAR180x,91.13,1.3.1.9,BRENDA and SABIO-RK
EAR180y,130.2,1.3.1.10,BRENDA and SABIO-RK
AGPAT120,195.5,2.3.1.51,median
PGPP120,24.0,3.1.3.27,BRENDA
PSSA180,195.5,2.7.8.8,median
PSSA161,195.5,2.7.8.8,median
PSD160,195.5,4.1.1.65,median
PSD161,195.5,4.1.1.65,median
PSD180,195.5,4.1.1.65,median
PLIPA2A140pp,187.0,3.1.1.4,BRENDA
PLIPA2A141pp,187.0,3.1.1.4,BRENDA
PLIPA2A180pp,187.0,3.1.1.4,BRENDA
CA2tex,999.0,3.6.3.8,BRENDA
CU1Opp,195.5,1.16.3.-,median
LALDO2x,760000.0,1.1.1.79,BRENDA and SABIO-RK
ACONIs,18000.0,5.3.3.7,BRENDA and SABIO-RK
ACONTb,999.0,4.2.1.3,BRENDA
GLCP2,312.0,2.4.1.1,BRENDA and SABIO-RK
3HAD161,57500000.0,4.2.1.61,gene-GO
ASNS1,9.19,6.3.5.4,BRENDA
EAR80y,195.5,2.3.1.86,median
EAR120y,195.5,2.3.1.86,median
3OAR181,344.7,1.1.1.100,BRENDA and SABIO-RK
3HAD121,57500000.0,4.2.1.61,gene-GO
EAR121y,130.2,1.3.1.10,BRENDA and SABIO-RK
GTHRDHpp,12.45,3.4.19.13,BRENDA
MDDCP2pp,350.0,3.4.16.4,BRENDA and SABIO-RK
MDDCP3pp,350.0,3.4.16.4,BRENDA and SABIO-RK
EAR140x,195.5,2.3.1.-,median
EAR40y,195.5,2.3.1.86,median
3OAS181,0.047,2.3.1.179,BRENDA
EAR161y,130.2,1.3.1.10,BRENDA and SABIO-RK
G3PAT140,0.0918,2.3.1.15,BRENDA
G3PAT160,0.0918,2.3.1.15,BRENDA
G3PAT161,0.0918,2.3.1.15,BRENDA
AGPAT160,195.5,2.3.1.51,median
CDAPPA140,195.5,3.6.1.26,median
MLDCP1App,160.0,3.4.17.13,BRENDA
EAR160y,130.2,1.3.1.10,BRENDA and SABIO-RK
EAR100y,195.5,2.3.1.86,median
3OAR141,344.7,1.1.1.100,BRENDA and SABIO-RK
3OAR161,344.7,1.1.1.100,BRENDA and SABIO-RK
3HAD141,57500000.0,4.2.1.61,gene-GO
EAR121x,91.13,1.3.1.9,BRENDA and SABIO-RK
MICITDr,3.0,4.2.1.99,SABIO-RK
CDAPPA181,195.5,3.6.1.26,median
LPLIPAL1A141pp,1975.0,3.1.1.5,BRENDA
LPLIPAL1A180pp,1975.0,3.1.1.5,BRENDA
ACONTa,999.0,4.2.1.3,BRENDA
MLDCP2App,160.0,3.4.17.13,BRENDA
PGPP120pp,24.0,3.1.3.27,BRENDA
PGPP181pp,24.0,3.1.3.27,BRENDA
PGSA181,195.5,2.7.8.5,median
MDDCP5pp,350.0,3.4.16.4,BRENDA and SABIO-RK
G3PAT180,0.0918,2.3.1.15,BRENDA
AGPAT140,195.5,2.3.1.51,median
PGSA160,195.5,2.7.8.5,median
MLDCP2Bpp,160.0,3.4.17.13,BRENDA
3OAS140,57500000.0,2.3.1.86,gene-GO
3OAR140,195.5,2.3.1.86,median
3OAR160,195.5,2.3.1.86,median
PGSA161,195.5,2.7.8.5,median
3HAD181,57500000.0,4.2.1.61,gene-GO
PGPP160,24.0,3.1.3.27,BRENDA
PGPP180,24.0,3.1.3.27,BRENDA
PGPP161,24.0,3.1.3.27,BRENDA
PGPP181,24.0,3.1.3.27,BRENDA
CDAPPA180,195.5,3.6.1.26,median
NTP12,195.5,3.6.1.-,median
MDDCP4pp,350.0,3.4.16.4,BRENDA and SABIO-RK
CFAS160E,100.0,2.1.1.79,BRENDA and SABIO-RK
CFAS180E,100.0,2.1.1.79,BRENDA and SABIO-RK
CFAS180G,100.0,2.1.1.79,BRENDA and SABIO-RK
PAPA160,195.5,3.1.3.4,median
PSSA160,195.5,2.7.8.8,median
PSSA181,195.5,2.7.8.8,median
DAGK160,999.0,2.7.1.107,BRENDA and SABIO-RK
AGPAT181,195.5,2.3.1.51,median
3HAD40,57500000.0,4.2.1.58,gene-GO
3OAS60,57500000.0,2.3.1.86,gene-GO
3OAS160,57500000.0,2.3.1.86,gene-GO
3OAR60,195.5,2.3.1.86,median
3OAR80,195.5,2.3.1.86,median
MLDCP3App,160.0,3.4.17.13,BRENDA
MLDCP1Bpp,160.0,3.4.17.13,BRENDA
LPLIPAL2E160,1975.0,3.1.1.5,BRENDA
PGPP161pp,24.0,3.1.3.27,BRENDA
PLIPA2A120pp,187.0,3.1.1.4,BRENDA
PLIPA2A160pp,187.0,3.1.1.4,BRENDA
EAR100x,195.5,2.3.1.-,median
EAR120x,195.5,2.3.1.-,median
EAR160x,91.13,1.3.1.9,BRENDA and SABIO-RK
EAR140y,195.5,2.3.1.86,median
3OAS121,551.0,2.3.1.41,BRENDA and SABIO-RK
3OAS80,57500000.0,2.3.1.86,gene-GO
3OAS100,57500000.0,2.3.1.86,gene-GO
3OAS120,57500000.0,2.3.1.86,gene-GO
3OAR40,344.7,1.1.1.100,BRENDA and SABIO-RK
3OAR100,195.5,2.3.1.86,median
3HAD60,0.1,4.2.1.59,SABIO-RK
3HAD100,57500000.0,4.2.1.61,gene-GO
3HAD140,57500000.0,4.2.1.61,gene-GO
3HAD160,57500000.0,4.2.1.61,gene-GO
AGPAT180,195.5,2.3.1.51,median
AGPAT141,195.5,2.3.1.51,median
AGPAT161,195.5,2.3.1.51,median
DASYN120,8.92,2.7.7.41,BRENDA
EAR40x,195.5,2.3.1.-,median
EAR60y,195.5,2.3.1.86,median
EAR60x,195.5,2.3.1.-,median
EAR80x,195.5,2.3.1.-,median
3OAS180,551.0,2.3.1.41,BRENDA and SABIO-RK
3HAD180,57500000.0,4.2.1.61,gene-GO
CDAPPA120,195.5,3.6.1.26,median
PSSA120,195.5,2.7.8.8,median
PSD120,195.5,4.1.1.65,median
PSD181,195.5,4.1.1.65,median
LPLIPAL1A120pp,1975.0,3.1.1.5,BRENDA
LPLIPAL1A140pp,1975.0,3.1.1.5,BRENDA
3OAR180,344.7,1.1.1.100,BRENDA and SABIO-RK
G3PAT120,0.0918,2.3.1.15,BRENDA
PGSA120,195.5,2.7.8.5,median
NADHPO,999.0,1.11.1.1,BRENDA and SABIO-RK
ACOAD7f,195.5,1.3.99.3,median
ACOAD5f,195.5,1.3.99.3,median
ACOAD3f,195.5,1.3.99.3,median
ACOAD2f,195.5,1.3.99.3,median
ACOAD4f,195.5,1.3.99.3,median
ACOAD6f,195.5,1.3.99.3,median
NADH16pp,1500.0,1.6.5.3,BRENDA
NADH18pp,1500.0,1.6.5.3,BRENDA
GDPMNP,195.5,3.6.1.21,median
AMMQLT8,195.5,2.1.1.163,median
FA120ACPHi,195.5,3.1.2.21,median
FA80ACPHi,195.5,3.1.2.21,median
FA140ACPHi,35.6,3.1.2.14,BRENDA
FA100ACPHi,195.5,3.1.2.21,median
OXCDC,88.0,4.1.1.8,BRENDA and SABIO-RK
LPLIPAL2A140,1975.0,3.1.1.5,BRENDA
LPLIPAL2A160,1975.0,3.1.1.5,BRENDA
LPLIPAL2A180,1975.0,3.1.1.5,BRENDA
2MAHMP,57500000.0,3.6.1.-,gene-GO
PLIPA1A120pp,5158.0,3.1.1.32,BRENDA
PLIPA1A140pp,5158.0,3.1.1.32,BRENDA
PLIPA1A141pp,5158.0,3.1.1.32,BRENDA
PLIPA1A160pp,5158.0,3.1.1.32,BRENDA
PLIPA1A180pp,5158.0,3.1.1.32,BRENDA
LPLIPAL2A120,1975.0,3.1.1.5,BRENDA
NADH17pp,1500.0,1.6.5.3,BRENDA
FA161ACPHi,35.6,3.1.2.14,BRENDA
FA141ACPHi,35.6,3.1.2.14,BRENDA
FA160ACPHi,35.6,3.1.2.14,BRENDA
DTARTD,19.8,4.2.1.81,BRENDA and SABIO-RK
LPLIPAL1A160pp,1975.0,3.1.1.5,BRENDA
GALCTLO,195.5,1.1.1.M8,median
FE3abcpp,195.5,3.6.3.30,median
THRA,18.3,4.1.2.5,BRENDA
XYLK2,57500000.0,2.7.1.53,gene-GO
GLDBRAN2,1000.0,2.4.1.18,BRENDA
HACD8,45500.0,1.1.1.35,BRENDA and SABIO-RK
CTECOAI8,999.0,5.3.3.8,BRENDA and SABIO-RK
CTECOAI6,999.0,5.3.3.8,BRENDA and SABIO-RK
MPTAT,0.0012,2.7.7.75,BRENDA
3AMACHYD,195.5,3.5.1.-,median
CCGS,195.5,6.3.4.20,median
CDGR,0.142,1.7.1.13,BRENDA and SABIO-RK
CBMD,195.5,4.2.1.104,median
MSAR,115.0,1.1.1.298,BRENDA
CPH4S,195.5,4.1.2.50,median
SHCHCS3,167.0,4.2.99.20,BRENDA
URACPAH,195.5,3.5.1.110,median
GTHPi,118000.0,1.11.1.9,BRENDA and SABIO-RK
SEPHCHCS,0.316666667,2.2.1.9,BRENDA and SABIO-RK
TYRL,195.5,4.1.99.19,median
FORCT,5.0,2.8.3.16,BRENDA
OXDHCOAT,57500000.0,2.3.1.223,gene-GO
HADPCOADH3,45500.0,1.1.1.35,BRENDA and SABIO-RK
CTECOAI7,999.0,5.3.3.8,BRENDA and SABIO-RK
OPMEACPD,0.1,4.2.1.59,SABIO-RK
EPMEACPR,130.2,1.3.1.10,BRENDA and SABIO-RK
AOXSr2,7000.0,2.3.1.47,BRENDA and SABIO-RK
OGMEACPD,0.1,4.2.1.59,SABIO-RK
EGMEACPR,130.2,1.3.1.10,BRENDA and SABIO-RK
PMEACPE,18.5,3.1.1.85,BRENDA
CDGS,5.4,4.3.99.3,BRENDA
DHACOAH,5667.0,4.2.1.17,BRENDA and SABIO-RK
THFAT,20.9,2.1.2.10,BRENDA
FOMETRi,20.9,2.1.2.10,BRENDA
GDPTPDP,6.0,3.1.7.2,BRENDA and SABIO-RK
CPMPS,195.5,4.1.99.18,median
LIPATPT,0.258,6.3.1.20,BRENDA
ALDD19xr,999.0,1.2.1.5,BRENDA and SABIO-RK
VPAMTr,195.5,2.6.1.66,median
3OXCOAT,7.83333333,2.3.1.174,BRENDA and SABIO-RK
AP4AS,195.5,2.7.7.-,median
APCS,999.0,2.5.1.16,BRENDA and SABIO-RK
ThDPAT,195.5,2.7.7.-,median
GHBDHx,1329.0,1.1.1.61,BRENDA
APPLDHr,0.6579999999999999,2.3.1.37,BRENDA
G2PP,195.5,3.1.3.19,median
DHNPA2r,1.8,4.1.2.25,BRENDA and SABIO-RK
PYK2,95000.0,2.7.1.40,BRENDA and SABIO-RK
PYK3,95000.0,2.7.1.40,BRENDA and SABIO-RK
PYK4,95000.0,2.7.1.40,BRENDA and SABIO-RK
DHPTDNR,510.0,1.5.1.34,BRENDA and SABIO-RK
DHPTDNRN,510.0,1.5.1.34,BRENDA and SABIO-RK
PCNO,80.0,1.3.1.84,BRENDA and SABIO-RK
5DGLCNR,195.5,1.1.1.69,median
MOX,195.5,1.1.5.4,median
INOSTO,7.22,1.13.99.1,BRENDA and SABIO-RK
4HTHRK,195.5,2.7.1.-,median
CYSTA,195.5,2.6.1.3,median
ACOAD1f,195.5,1.3.99.3,median
QUINDH,142000.0,1.1.1.282,BRENDA and SABIO-RK
